start_time,end_time,description,location,direction,street,location_description,restrictionType,transportType
2023-09-18,2026-12-31,Latežerio PKP uždarymas. ,53.939161 24.077935 53.939070 24.078052 53.938925 24.078226 53.938796 24.078379,BOTH_DIRECTIONS,5006 Druskininkai–Pariečė* 12.102-12.152km.,,roadClosed,All
2024-03-01,2026-12-31,Raigardo PKP uždarymas.,53.944373 23.977621 53.944305 23.977466 53.944109 23.977005,BOTH_DIRECTIONS,A4 Vilnius–Varėna–Gardinas* 133.862-133.962km.,,roadClosed,All
2024-03-01,2026-12-31,Lavoriškių PKP uždarymas.,54.708943 25.672205 54.708950 25.672280 54.708978 25.672544 54.709010 25.672783 54.709050 25.673048 54.709094 25.673310 54.709146 25.673575 54.709210 25.673900 54.709351 25.674598 54.709516 25.675424 54.709744 25.676573 54.709885 25.677285 54.710066 25.678181 54.710272 25.679223 54.710466 25.680198 54.710630 25.681030 54.710811 25.681939 54.710936 25.682562 54.711123 25.683514 54.711303 25.684417 54.711382 25.684827 54.711585 25.685843 54.711664 25.686247 54.711904 25.687470 54.711993 25.687905 54.712101 25.688431 54.712271 25.689317 54.712397 25.689940 54.712582 25.690868 54.712738 25.691630 54.712893 25.692433 54.712998 25.692941 54.713149 25.693700 54.713230 25.694131 54.713336 25.694659 54.713474 25.695351 54.713688 25.696442 54.713969 25.697827 54.714281 25.699419 54.714452 25.700248 54.714716 25.701575 54.714849 25.702232 54.714947 25.702737 54.715226 25.704143 54.715509 25.705499 54.715617 25.706048 54.715739 25.706676 54.715871 25.707359 54.715948 25.707775 54.715999 25.708073 54.716043 25.708360 54.716077 25.708640 54.716110 25.708938 54.716131 25.709218 54.716144 25.709463 54.716153 25.709687 54.716153 25.709911 54.716143 25.710526 54.716136 25.710968 54.716098 25.712114 54.716051 25.713521 54.716010 25.714815 54.715969 25.716092 54.715940 25.717124 54.715905 25.718365 54.715862 25.719747 54.715818 25.720868 54.715782 25.722152 54.715738 25.723473 54.715720 25.724133 54.715703 25.724728 54.715654 25.726383 54.715623 25.727138 54.715606 25.727589 54.715591 25.727937 54.715572 25.728253 54.715553 25.728552 54.715517 25.729143 54.715479 25.729694 54.715427 25.730275 54.715385 25.730748 54.715316 25.731488 54.715288 25.731846 54.715267 25.732158 54.715252 25.732438 54.715250 25.732670 54.715253 25.732826 54.715260 25.733258 54.715283 25.734308 54.715305 25.735426 54.715338 25.736767 54.715367 25.737805 54.715389 25.738768,BOTH_DIRECTIONS,103 Vilnius–Polockas* 28.000-32.426km.,,roadClosed,All
2023-09-18,2026-12-31,Pasienio punkto uždarymas Vyriausybės nutarimu.,54.147685 25.602511 54.147644 25.602475 54.147605 25.602444,BOTH_DIRECTIONS,104 Šalčininkai–Dieveniškės–Krakūnai*  32.398-32.408km.,,roadClosed,All
2023-09-18,2026-12-31,Pasienio punkto uždarymas Vyriausybės nutarimu.,54.142173 25.016909 54.142147 25.016876 54.142102 25.016816,BOTH_DIRECTIONS,105 Pirčiupiai–Eišiškės* 29.473-29.483km.,,roadClosed,All
2023-09-28,2026-12-31,Pasienio punkto uždarymas Vyriausybės nutarimu.,55.085755 26.258252 55.085526 26.258630 55.085429 26.258790,BOTH_DIRECTIONS,109 Švenčionys–Lentupiai* 8.603-8.653km.,,roadClosed,All
2023-09-28,2026-12-31,Pasienio punkto uždarymas Vyriausybės nutarimu.,55.151006 26.620434 55.150774 26.621106,BOTH_DIRECTIONS,110 Švenčionys–Adutiškis* 30.566-30.616km.,,roadClosed,All
2023-08-18,2026-12-31,Pasienio punkto uždarymas Vyriausybės nutarimu.,54.597949 25.734770 54.597905 25.734862 54.597833 25.735032 54.597745 25.735258 54.597657 25.735502 54.597547 25.735843 54.597426 25.736262 54.597311 25.736687 54.597155 25.737297 54.597026 25.737787 54.596758 25.738855 54.596505 25.739822 54.596311 25.740506 54.596171 25.740994 54.596020 25.741475 54.595904 25.741820 54.595762 25.742238 54.595285 25.743605 54.594941 25.744594 54.594551 25.745730 54.594201 25.746743 54.593837 25.747810 54.593431 25.749046 54.593053 25.750135 54.592665 25.751302 54.592266 25.752454 54.591805 25.753822 54.591567 25.754532 54.591458 25.754851 54.591392 25.755057 54.591350 25.755207 54.591321 25.755336 54.591299 25.755485 54.591282 25.755652 54.591275 25.755787 54.591274 25.755910 54.591278 25.756033 54.591284 25.756144 54.591294 25.756267 54.591311 25.756393 54.591334 25.756548 54.591352 25.756655 54.591386 25.756801,BOTH_DIRECTIONS,101 Vilnius–Šumskas* 34.297-35.916km.,,roadClosed,All
2023-09-19,2026-12-31,Pasienio punkto uždarymas Vyriausybės nutarimu.,55.281929 20.966447 55.281854 20.966358,BOTH_DIRECTIONS,167 Smiltynė–Nida* 50.579-50.589km.,,roadClosed,All
2024-01-01,2026-06-04,Pasienio punkto uždarymas Vyriausybės nutarimu.,55.056988 22.596288 55.057056 22.596184 55.057174 22.596025 55.057281 22.595897 55.057349 22.595824,BOTH_DIRECTIONS,184 Kiduliai–Ramoniškiai* 13.265-13.315km.,,roadClosed,All
2025-10-03,2026-12-31,Sutrūkinėjusios tilto perdangos plokštės.,55.257730 26.444900 55.257717 26.444901 55.257631 26.444927 55.257557 26.445009 55.257470 26.445122 55.257411 26.445248 55.257152 26.446518 55.256839 26.448143 55.256702 26.448902 55.256562 26.449617 55.255898 26.452997 55.255816 26.453414 55.255658 26.454250 55.255309 26.456050 55.254721 26.459083 55.254572 26.459852 55.254507 26.460186 55.253809 26.463711 55.252899 26.468389 55.252707 26.469377 55.252590 26.469979 55.252444 26.470729 55.251860 26.473730 55.251710 26.474508 55.251642 26.474852 55.251585 26.475141 55.251546 26.475371 55.251524 26.475562 55.251528 26.475645 55.251532 26.475743 55.251611 26.476750 55.251653 26.477289,BOTH_DIRECTIONS,1414 Mielagėnai–Paliesius 0.010-2.200km.,,roadClosed,All
2026-03-31,2026-04-30,Dėl pažliugusios kelio dangos ribojama sunkiasvorio transporto masė.,55.928400 21.993021 55.928377 21.993339 55.928343 21.993612 55.928295 21.993863 55.928226 21.994155 55.928117 21.994528 55.927994 21.994904 55.927447 21.996559 55.927070 21.997687 55.926895 21.998180 55.926315 21.999815 55.926188 22.000174 55.925742 22.001437 55.925716 22.001507 55.924942 22.003598 55.924737 22.004151 55.924705 22.004238 55.924632 22.004444 55.924586 22.004605 55.924544 22.004787 55.924515 22.004946 55.924496 22.005105 55.924475 22.005449 55.924464 22.005756 55.924421 22.006924 55.924402 22.007457 55.924351 22.009120 55.924341 22.009418 55.924273 22.011586 55.924269 22.011698 55.924232 22.012844 55.924214 22.013119 55.924203 22.013234 55.924194 22.013309 55.924166 22.013458 55.924097 22.013758 55.923907 22.014416 55.923865 22.014562 55.923847 22.014623 55.923578 22.015558 55.923169 22.016954 55.923028 22.017409 55.922886 22.017788 55.922663 22.018316 55.922628 22.018394 55.922302 22.019131 55.922280 22.019183 55.921789 22.020206 55.921453 22.020921 55.920855 22.022190 55.920682 22.022587 55.920534 22.022925 55.920015 22.024113 55.919129 22.026226 55.918444 22.027854 55.917657 22.029768 55.917418 22.030289 55.917194 22.030737 55.917047 22.030964 55.916863 22.031209 55.916668 22.031421 55.916622 22.031468 55.915957 22.032139 55.915777 22.032320 55.915746 22.032356 55.915563 22.032567 55.915398 22.032792 55.915323 22.032927 55.915212 22.033153 55.915088 22.033441 55.914925 22.033840 55.914702 22.034441 55.913457 22.037577 55.913156 22.038342 55.912687 22.039536 55.912558 22.039919 55.912458 22.040256 55.912381 22.040543 55.912306 22.040899 55.912291 22.040978 55.911764 22.043658 55.911647 22.044292 55.911615 22.044466 55.911521 22.045038 55.911452 22.045522 55.911405 22.045944 55.911337 22.046619 55.911290 22.047210 55.911230 22.048080 55.911194 22.048526 55.911146 22.048989 55.911113 22.049229 55.911082 22.049437 55.910779 22.051099 55.910351 22.053464 55.910044 22.055145 55.910008 22.055341 55.909228 22.059660 55.908956 22.061093 55.908858 22.061629 55.907657 22.068095 55.907591 22.068450 55.907518 22.068958 55.907466 22.069376 55.907425 22.069758 55.907373 22.070348 55.907302 22.071394 55.907298 22.071440 55.907253 22.072195 55.907250 22.072238 55.907240 22.072858 55.907236 22.073466 55.907265 22.074333 55.907278 22.074639 55.907285 22.074784 55.907297 22.075063 55.907304 22.075158 55.907438 22.076896 55.907466 22.077304 55.907625 22.079633 55.907701 22.080754 55.907729 22.081126 55.907759 22.081407 55.907797 22.081719 55.907855 22.082112 55.907913 22.082437 55.907990 22.082813 55.908078 22.083162 55.908178 22.083523 55.908283 22.083838 55.908470 22.084347 55.908776 22.085058 55.909675 22.086983 55.910745 22.089269 55.911151 22.090136 55.911382 22.090630 55.912038 22.092074 55.912586 22.093215 55.913179 22.094497 55.913682 22.095649 55.913871 22.096121 55.913933 22.096291 55.914093 22.096724 55.914742 22.098480 55.915383 22.100221 55.915545 22.100703 55.915967 22.102030 55.916017 22.102190 55.916925 22.105105 55.917992 22.108573 55.918594 22.110527 55.918613 22.110587,BOTH_DIRECTIONS,3207 Staneliai–Vilkaičiai 4.190-12.599km.,,roadClosed,All
2026-03-13,2026-04-15,"Apsemtas kelio ruožas nuo 0 iki 14,27 km. Vandens gylis 50 cm. ",55.300823 21.391333 55.300701 21.391034 55.300279 21.390070 55.300015 21.389416 55.299830 21.388951 55.299671 21.388528 55.299512 21.388072 55.299275 21.387354 55.298921 21.386300 55.298763 21.385810 55.298674 21.385549 55.298628 21.385410 55.298591 21.385346 55.298548 21.385307 55.298512 21.385301 55.298469 21.385313 55.298420 21.385362 55.298379 21.385423 55.298235 21.385707 55.297482 21.387307 55.296963 21.388435 55.296346 21.389768 55.295531 21.391501 55.294858 21.392952 55.294106 21.394551 55.293695 21.395401 55.293479 21.395870 55.293336 21.396171 55.293199 21.396446 55.293053 21.396743 55.292847 21.397124 55.292548 21.397652 55.292237 21.398222 55.291645 21.399280 55.290938 21.400584 55.290481 21.401406 55.290282 21.401771 55.290185 21.401940 55.290122 21.402065 55.290069 21.402177 55.290027 21.402300 55.289978 21.402470 55.289913 21.402749 55.289743 21.403494 55.289489 21.404635 55.289182 21.406045 55.288483 21.409130 55.288387 21.409537 55.288304 21.409855 55.288215 21.410169 55.288139 21.410399 55.288038 21.410664 55.287932 21.410921 55.287788 21.411217 55.287623 21.411564 55.287513 21.411758 55.287417 21.411935 55.287286 21.412156 55.287118 21.412397 55.286882 21.412720 55.286379 21.413390 55.285342 21.414787 55.283938 21.416680 55.283788 21.416898 55.283280 21.417569 55.282964 21.417975 55.282737 21.418289 55.282526 21.418611 55.282399 21.418799 55.282291 21.418981 55.282154 21.419239 55.282005 21.419541 55.281819 21.419936 55.281573 21.420473 55.281391 21.420924 55.281234 21.421334 55.281077 21.421807 55.280913 21.422342 55.280768 21.422818 55.280570 21.423556 55.280330 21.424436 55.279698 21.426727 55.279119 21.428857 55.278952 21.429497 55.278716 21.430383 55.278588 21.430814 55.278467 21.431239 55.278342 21.431651 55.278232 21.431978 55.278113 21.432274 55.277974 21.432587 55.277861 21.432811 55.277737 21.433031 55.277604 21.433265 55.277440 21.433483 55.277271 21.433690 55.277124 21.433850 55.276956 21.433994 55.276772 21.434151 55.276589 21.434280 55.276454 21.434366 55.276306 21.434438 55.276143 21.434494 55.275966 21.434547 55.275749 21.434599 55.275481 21.434645 55.275192 21.434676 55.274805 21.434709 55.274112 21.434729 55.273934 21.434745 55.273773 21.434759 55.273607 21.434774 55.273181 21.434822 55.272794 21.434839 55.271945 21.434906 55.270902 21.434986 55.269863 21.435057 55.268822 21.435141 55.268021 21.435205 55.267160 21.435269 55.266903 21.435286 55.265801 21.435377 55.264705 21.435448 55.263673 21.435527 55.262632 21.435607 55.261705 21.435687 55.261558 21.435705 55.260787 21.435763 55.260323 21.435799 55.259840 21.435836 55.258219 21.435958 55.256561 21.436090 55.254765 21.436225 55.254586 21.436239 55.254193 21.436269 55.253942 21.436297 55.253693 21.436325 55.253434 21.436362 55.253327 21.436377 55.253144 21.436418 55.252999 21.436452 55.252812 21.436497 55.252665 21.436540 55.252201 21.436693 55.252082 21.436733 55.251742 21.436848 55.251348 21.436980 55.250721 21.437189 55.250504 21.437262 55.250370 21.437304 55.250231 21.437348 55.249731 21.437501 55.249682 21.437515 55.249368 21.437622 55.249337 21.437632 55.248867 21.437791 55.248848 21.437797 55.248388 21.437954 55.248122 21.438044 55.247804 21.438152 55.247758 21.438167 55.247637 21.438207 55.247417 21.438281 55.247274 21.438329 55.246906 21.438454 55.246588 21.438562 55.245882 21.438803 55.245583 21.438906 55.245504 21.438933 55.245132 21.439062 55.244774 21.439187 55.244473 21.439293 55.244288 21.439357 55.244266 21.439365 55.243949 21.439479 55.243742 21.439553 55.243713 21.439563 55.243553 21.439639 55.243464 21.439681 55.243366 21.439731 55.243272 21.439780 55.243078 21.439880 55.243052 21.439893 55.242746 21.440085 55.242648 21.440153 55.242425 21.440306 55.242312 21.440384 55.242241 21.440432 55.242087 21.440562 55.241862 21.440752 55.241753 21.440848 55.241640 21.440948 55.241527 21.441048 55.241345 21.441210 55.241188 21.441377 55.241082 21.441491 55.240975 21.441605 55.240870 21.441730 55.240661 21.441982 55.240569 21.442093 55.240359 21.442362 55.240165 21.442608 55.240137 21.442644 55.240071 21.442745 55.239978 21.442887 55.239863 21.443063 55.239706 21.443334 55.239513 21.443646 55.239417 21.443800 55.239039 21.444400 55.238972 21.444505 55.238546 21.445165 55.238190 21.445707 55.237612 21.446666 55.237149 21.447391 55.236871 21.447806 55.236816 21.447890 55.236405 21.448526 55.236131 21.448966 55.235570 21.449887 55.234919 21.450931 55.234246 21.451994 55.233384 21.453362 55.232383 21.454949 55.231754 21.455940 55.230548 21.457860 55.229651 21.459273 55.228902 21.460484 55.227896 21.462100 55.227326 21.463004 55.226047 21.465016 55.225114 21.466504 55.223970 21.468311 55.223010 21.469843 55.222127 21.471242 55.221705 21.471945 55.221456 21.472323 55.221230 21.472658 55.221126 21.472818 55.220922 21.473160 55.220610 21.473662 55.219967 21.474676 55.219493 21.475417 55.218677 21.476715 55.217854 21.478027 55.217081 21.479238 55.216034 21.480893 55.215536 21.481692 55.214901 21.482706 55.214774 21.482926 55.214446 21.483479 55.213963 21.484341 55.213203 21.485685 55.212518 21.486888 55.212004 21.487794 55.211896 21.487992 55.211788 21.488182 55.211444 21.488773 55.210883 21.489767 55.210179 21.491005 55.209297 21.492572 55.208319 21.494303 55.207228 21.496230 55.206447 21.497597 55.205344 21.499535 55.204245 21.501486 55.203830 21.502218,BOTH_DIRECTIONS,4213 Rusnė–Galzdonai–Plaškiai 0.100-14.270km.,,roadClosed,All
2026-03-13,2026-04-15,"Apsemtas kelio ruožas 19,7 iki 21,3 km. Vandens gylis 50 cm. ",55.206079 21.585635 55.206075 21.585795 55.206062 21.586099 55.206041 21.586392 55.206010 21.586726 55.205976 21.587088 55.205930 21.587498 55.205862 21.588051 55.205802 21.588471 55.205735 21.588832 55.205655 21.589224 55.205567 21.589603 55.205463 21.590000 55.205378 21.590332 55.205258 21.590738 55.205142 21.591124 55.205037 21.591479 55.204910 21.591894 55.204699 21.592552 55.204542 21.593070 55.203759 21.595554 55.203032 21.597849 55.202642 21.599105 55.201944 21.601305 55.201115 21.603943 55.200397 21.606221 55.199805 21.608074,BOTH_DIRECTIONS,4213 Rusnė–Galzdonai–Plaškiai 19.700-21.300km.,,roadClosed,All
2026-03-13,2026-04-15,"Apsemtas kelio ruožas 19,85 iki 20,25 km. Vandens gylis 30 cm. ",55.205874 21.587961 55.205862 21.588051 55.205802 21.588471 55.205735 21.588832 55.205655 21.589224 55.205567 21.589603 55.205463 21.590000 55.205378 21.590332 55.205258 21.590738 55.205142 21.591124 55.205037 21.591479 55.204910 21.591894 55.204699 21.592552 55.204542 21.593070 55.204363 21.593637,BOTH_DIRECTIONS,4213 Rusnė–Galzdonai–Plaškiai 19.850-20.250km.,,roadClosed,All
2026-03-13,2026-04-15,"Apsemtas kelio ruožas 12,98 iki 13,55 km. Vandens gylis 30 cm. ",55.211986 21.487826 55.211896 21.487992 55.211788 21.488182 55.211444 21.488773 55.210883 21.489767 55.210179 21.491005 55.209297 21.492572 55.208384 21.494188,BOTH_DIRECTIONS,4213 Rusnė–Galzdonai–Plaškiai 12.980-13.550km.,,roadClosed,All
2026-01-02,2026-04-15,Apsemtas kelias.,55.295709 21.391122 55.295531 21.391501 55.294858 21.392952 55.294106 21.394551 55.293695 21.395401 55.293479 21.395870 55.293336 21.396171 55.293199 21.396446 55.293053 21.396743 55.292847 21.397124 55.292548 21.397652 55.292237 21.398222 55.291645 21.399280 55.290938 21.400584 55.290481 21.401406 55.290282 21.401771 55.290185 21.401940 55.290122 21.402065 55.290069 21.402177 55.290027 21.402300 55.289978 21.402470 55.289913 21.402749 55.289743 21.403494 55.289489 21.404635 55.289182 21.406045 55.288483 21.409130 55.288387 21.409537 55.288304 21.409855 55.288215 21.410169 55.288139 21.410399 55.288038 21.410664 55.287932 21.410921 55.287788 21.411217 55.287623 21.411564 55.287513 21.411758 55.287417 21.411935 55.287286 21.412156 55.287118 21.412397 55.286882 21.412720 55.286379 21.413390 55.285342 21.414787 55.283938 21.416680 55.283788 21.416898 55.283280 21.417569 55.282964 21.417975 55.282737 21.418289 55.282526 21.418611 55.282399 21.418799 55.282291 21.418981 55.282154 21.419239 55.282005 21.419541 55.281819 21.419936 55.281573 21.420473 55.281391 21.420924 55.281234 21.421334 55.281077 21.421807 55.280913 21.422342 55.280768 21.422818 55.280570 21.423556 55.280330 21.424436 55.279698 21.426727 55.279119 21.428857 55.278952 21.429497 55.278716 21.430383 55.278588 21.430814 55.278467 21.431239 55.278342 21.431651 55.278232 21.431978 55.278113 21.432274 55.277974 21.432587 55.277861 21.432811 55.277737 21.433031 55.277604 21.433265 55.277440 21.433483 55.277271 21.433690 55.277124 21.433850 55.276956 21.433994 55.276772 21.434151 55.276589 21.434280 55.276454 21.434366 55.276306 21.434438 55.276143 21.434494 55.275966 21.434547 55.275749 21.434599 55.275481 21.434645 55.275192 21.434676 55.274805 21.434709 55.274112 21.434729 55.273934 21.434745 55.273773 21.434759 55.273607 21.434774 55.273181 21.434822 55.272972 21.434831,BOTH_DIRECTIONS,4213 Rusnė–Galzdonai–Plaškiai 1.050-5.000km.,,roadClosed,All
2026-03-16,2026-04-15,"Apsemtas kelio ruožas nuo 5,4 iki 6 km. Vandens gylis 30 cm. ",55.273342 21.488541 55.273125 21.487798 55.272511 21.485719 55.271481 21.482163 55.270885 21.480141,BOTH_DIRECTIONS,4215 Juknaičiai–Sausgalviai–Tatamiškiai 5.400-6.000km.,,roadClosed,All
2026-03-13,2026-04-15,"Apsemtas kelio ruožas 7,25 iki 9,896 km. Vandens gylis 40 cm. ",55.267889 21.461829 55.267886 21.461823 55.267737 21.461543 55.267596 21.461282 55.267494 21.461064 55.267423 21.460889 55.267368 21.460718 55.267308 21.460467 55.267209 21.459957 55.266824 21.458116 55.266587 21.456967 55.266505 21.456598 55.266410 21.456117 55.266172 21.454966 55.266122 21.454736 55.265929 21.453826 55.265587 21.452165 55.265534 21.451906 55.265247 21.450569 55.265133 21.450039 55.265051 21.449628 55.264960 21.449130 55.264469 21.446428 55.264160 21.444726 55.264026 21.444010 55.263691 21.442103 55.263601 21.441586 55.263526 21.441179 55.263465 21.440896 55.263405 21.440645 55.263341 21.440421 55.263267 21.440184 55.263166 21.439895 55.263058 21.439606 55.262792 21.438940 55.262412 21.437963 55.261759 21.436236 55.261655 21.435951 55.261558 21.435705 55.261416 21.435333 55.260897 21.434011 55.260132 21.431973 55.259501 21.430298 55.259032 21.428923 55.258827 21.428278 55.258703 21.427920 55.258591 21.427594 55.258526 21.427423 55.258476 21.427331 55.258425 21.427259 55.258357 21.427197 55.258290 21.427164 55.258225 21.427151 55.258142 21.427165 55.258015 21.427207 55.257765 21.427323 55.257505 21.427448 55.257395 21.427513 55.257276 21.427613 55.257124 21.427760 55.256980 21.427915 55.256867 21.428043,BOTH_DIRECTIONS,4215 Juknaičiai–Sausgalviai–Tatamiškiai 7.250-9.896km.,,roadClosed,All
2026-03-16,2026-04-15,"Apsemtas kelio ruožas nuo 3,4 iki 3,5 km. Vandens gylis 30 cm. ",55.253265 21.507122 55.253190 21.507054 55.253047 21.506938 55.252900 21.506839 55.252727 21.506746 55.252502 21.506648 55.252418 21.506615,BOTH_DIRECTIONS,4216 Užliekniai–Paleičiai 3.400-3.500km.,,roadClosed,All
2026-03-16,2026-04-15,"Apsemtas kelio ruožas nuo 8,3 iki 8,4 km. Vandens gylis 30 cm. ",55.215342 21.484776 55.215258 21.484463 55.215155 21.484080 55.215044 21.483680 55.214948 21.483370 55.214947 21.483367,BOTH_DIRECTIONS,4216 Užliekniai–Paleičiai 8.300-8.400km.,,roadClosed,All
2026-01-04,2026-04-15,"Apsemtas kelio ruožas 4,55 iki 5,3 km. Vandens gylis 50 cm. ",55.243234 21.505086 55.243195 21.505079 55.243080 21.505069 55.242313 21.505032 55.241528 21.504990 55.240844 21.504949 55.240623 21.504942 55.240437 21.504937 55.240268 21.504944 55.240107 21.504975 55.239906 21.505033 55.239639 21.505146 55.239076 21.505435 55.238329 21.505823 55.237347 21.506329 55.236639 21.506699,BOTH_DIRECTIONS,4216 Užliekniai–Paleičiai 4.550-5.300km.,,roadClosed,All
2026-01-04,2026-04-15,"Apsemtas kelio ruožas 4,65 iki 4,8 km. Vandens gylis 40 cm. ",55.242336 21.505033 55.242313 21.505032 55.241528 21.504990 55.240990 21.504958,BOTH_DIRECTIONS,4216 Užliekniai–Paleičiai 4.650-4.800km.,,roadClosed,All
2026-03-13,2026-04-05,,55.095092 21.934596 55.095146 21.934456 55.095193 21.934336,BOTH_DIRECTIONS,4229 Vilkiškiai–Bitėnai–Panemunė 28.780-28.800km.,,roadClosed,All
2026-03-17,2026-04-10,Apsemtas kelio ruožas 2.1 iki 2.5 km. Vandens gylis 80 cm. ,55.124962 21.888512 55.124656 21.887781 55.124230 21.886760 55.123993 21.886204 55.123867 21.885916 55.123845 21.885863 55.123823 21.885813 55.123683 21.885490 55.123307 21.884643 55.123115 21.884272 55.123061 21.884166 55.122960 21.883999 55.122712 21.883651,BOTH_DIRECTIONS,4230 Pagėgiai–Plaušvariai 2.100-2.500km.,,roadClosed,All
2026-03-17,2026-04-10,Apsemtas kelio ruožas 3.7 iki 3.9 km. Vandens gylis 0 cm. ,55.112801 21.876899 55.112256 21.876312 55.112025 21.876063 55.111576 21.875557 55.111277 21.875243,BOTH_DIRECTIONS,4230 Pagėgiai–Plaušvariai 3.700-3.900km.,,roadClosed,All
2026-03-13,2026-04-15,"Apsemtas kelio ruožas nuo 0,6 iki 5,7 km. Vandens gylis 50 cm. ",55.273833 21.465302 55.273998 21.465087 55.274310 21.464680 55.274407 21.464544 55.274497 21.464414 55.274627 21.464195 55.274694 21.464057 55.274918 21.463495 55.275076 21.463087 55.275120 21.462943 55.275154 21.462762 55.275179 21.462589 55.275199 21.462335 55.275206 21.462169 55.275210 21.462044 55.275225 21.461966 55.275252 21.461901 55.275280 21.461858 55.275334 21.461819 55.275475 21.461783 55.276357 21.461561 55.276399 21.461551 55.277259 21.461343 55.277699 21.461236 55.278203 21.461113 55.278972 21.460918 55.279311 21.460825 55.279551 21.460769 55.279653 21.460754 55.280029 21.460690 55.280319 21.460649 55.280762 21.460579 55.281662 21.460463 55.282548 21.460349 55.282893 21.460310 55.283581 21.460220 55.284544 21.460080 55.285401 21.459974 55.285533 21.459958 55.286523 21.459820 55.287481 21.459695 55.288409 21.459581 55.288654 21.459548 55.289322 21.459459 55.289344 21.459456 55.290056 21.459359 55.290133 21.459349 55.290267 21.459330 55.291253 21.459208 55.291640 21.459155 55.292249 21.459072 55.292697 21.459016 55.293601 21.458902 55.294346 21.458815 55.294488 21.458789 55.294665 21.458724 55.294759 21.458677 55.294959 21.458568 55.295438 21.458210 55.296349 21.457480 55.297241 21.456815 55.298081 21.456152 55.298117 21.456125 55.298315 21.455976 55.299308 21.455227 55.300529 21.454283 55.301415 21.453576 55.302451 21.452791 55.302658 21.452630 55.302854 21.452476 55.303450 21.452025 55.303854 21.451718 55.303886 21.451694 55.304269 21.451399 55.305083 21.450772 55.305904 21.450128 55.306173 21.449915 55.306677 21.449517 55.307326 21.449025 55.307448 21.448933 55.307555 21.448852 55.307778 21.448681 55.308315 21.448271 55.308582 21.448076 55.308923 21.447827 55.309004 21.447767 55.309348 21.447490 55.309394 21.447455 55.310001 21.446995 55.310696 21.446463 55.310985 21.446242 55.311996 21.445460 55.312372 21.445172 55.312954 21.444735 55.313624 21.444231 55.314716 21.443374 55.315122 21.443052 55.315969 21.442415 55.316468 21.442024,BOTH_DIRECTIONS,4237 Sausgalviai–Žalgiriai 0.600-5.700km.,,roadClosed,All
2026-03-16,2026-04-15,"Apsemtas kelio ruožas nuo 0 iki 2,738 km. Vandens gylis 50 cm. ",55.347246 21.351306 55.347724 21.351641 55.349039 21.352604 55.349394 21.352860 55.349681 21.353056 55.349850 21.353155 55.350039 21.353255 55.350151 21.353307 55.350224 21.353327 55.350267 21.353336 55.350323 21.353340 55.350450 21.353350 55.350625 21.353338 55.350736 21.353327 55.350841 21.353304 55.351251 21.353204 55.351957 21.353019 55.352644 21.352827 55.352704 21.352809 55.353011 21.352720 55.353759 21.352498 55.353987 21.352437 55.354107 21.352406 55.354172 21.352380 55.354231 21.352350 55.354275 21.352327 55.354330 21.352298 55.354364 21.352286 55.354421 21.352282 55.354443 21.352283 55.354520 21.352286 55.354704 21.352293 55.354772 21.352300 55.354844 21.352315 55.354912 21.352334 55.354956 21.352351 55.355004 21.352385 55.355049 21.352432 55.355092 21.352484 55.355139 21.352548 55.355210 21.352669 55.355269 21.352802 55.355320 21.352925 55.355376 21.353081 55.355463 21.353350 55.355524 21.353536 55.355562 21.353624 55.355596 21.353681 55.355622 21.353714 55.355655 21.353748 55.355690 21.353773 55.355724 21.353791 55.355799 21.353815 55.355905 21.353838 55.356096 21.353856 55.356261 21.353880 55.356298 21.353886 55.356357 21.353895 55.356673 21.353928 55.357543 21.354012 55.358034 21.354063 55.358728 21.354133 55.359409 21.354209 55.359510 21.354220 55.359649 21.354241 55.360526 21.354326 55.360658 21.354339 55.360791 21.354359 55.360963 21.354382 55.361093 21.354400 55.361940 21.354506 55.362297 21.354550 55.363267 21.354671 55.363920 21.354763 55.364180 21.354800 55.364356 21.354827 55.364426 21.354839 55.364482 21.354852 55.364523 21.354864 55.364582 21.354882 55.364623 21.354898 55.364667 21.354921 55.364721 21.354953 55.364765 21.354986 55.364803 21.355017 55.364843 21.355059 55.364875 21.355098 55.364919 21.355155 55.364950 21.355191 55.364974 21.355225 55.365002 21.355268 55.365164 21.355523 55.365913 21.356709 55.366326 21.357364 55.366398 21.357478 55.366664 21.357894 55.366701 21.357955 55.367206 21.358722 55.367366 21.358963 55.367423 21.359049 55.367775 21.359597 55.368119 21.360134 55.368211 21.360272,BOTH_DIRECTIONS,4243 Atmatos upės krantas–Tulkiaragė 0.200-2.738km.,,roadClosed,All
2026-03-16,2026-04-15,"Apsemtas kelio ruožas nuo 1,359 iki 9,901 km. Vandens gylis 50 cm. ",55.340305 21.438511 55.340289 21.438416 55.340257 21.438244 55.340190 21.437989 55.340093 21.437662 55.339753 21.436311 55.339128 21.433867 55.338646 21.431894 55.338111 21.429638 55.337709 21.428093 55.337267 21.426532 55.336839 21.425048 55.336493 21.423840 55.336390 21.423483 55.336289 21.423169 55.336175 21.422851 55.336057 21.422583 55.335904 21.422220 55.335591 21.421506 55.335294 21.420807 55.335121 21.420427 55.335034 21.420215 55.334970 21.420032 55.334934 21.419884 55.334912 21.419731 55.334904 21.419598 55.334910 21.419414 55.334923 21.418927 55.334934 21.418322 55.334964 21.416693 55.334975 21.415985 55.334987 21.414966 55.335020 21.413925 55.335064 21.412661 55.335101 21.411728 55.335116 21.411193 55.335141 21.410883 55.335168 21.410614 55.335203 21.410336 55.335229 21.410120 55.335238 21.409981 55.335233 21.409861 55.335204 21.409729 55.335163 21.409611 55.335044 21.409373 55.334329 21.407951 55.334246 21.407779 55.334178 21.407600 55.334132 21.407449 55.334093 21.407297 55.334065 21.407115 55.334044 21.406870 55.334021 21.406567 55.333986 21.406277 55.333936 21.406039 55.333871 21.405805 55.333832 21.405641 55.333792 21.405431 55.333757 21.405237 55.333722 21.405052 55.333681 21.404912 55.333623 21.404779 55.333553 21.404639 55.333454 21.404462 55.333316 21.404250 55.333135 21.403991 55.332985 21.403792 55.332931 21.403683 55.332868 21.403541 55.332804 21.403424 55.332698 21.403256 55.332476 21.402962 55.332287 21.402699 55.332155 21.402545 55.332059 21.402441 55.331983 21.402337 55.331931 21.402228 55.331893 21.402114 55.331836 21.401888 55.331764 21.401626 55.331673 21.401302 55.331611 21.401056 55.331560 21.400901 55.331506 21.400792 55.331430 21.400692 55.331347 21.400627 55.331227 21.400560 55.330792 21.400288 55.330665 21.400225 55.330578 21.400152 55.330502 21.400065 55.330433 21.399944 55.330344 21.399796 55.330225 21.399583 55.330110 21.399407 55.329965 21.399208 55.329810 21.398951 55.329677 21.398690 55.329471 21.398278 55.329271 21.397912 55.329137 21.397658 55.329039 21.397506 55.328917 21.397364 55.328737 21.397184 55.328418 21.396883 55.328146 21.396609 55.328017 21.396468 55.327940 21.396343 55.327890 21.396217 55.327834 21.396050 55.327805 21.395914 55.327746 21.395472 55.327632 21.394651 55.327449 21.393433 55.327376 21.392908 55.327348 21.392693 55.327337 21.392531 55.327347 21.392330 55.327360 21.392042 55.327425 21.391205 55.327510 21.389844 55.327667 21.387379 55.327696 21.386852 55.327718 21.386567 55.327757 21.386255 55.327797 21.386011 55.327872 21.385599 55.327950 21.385219 55.328046 21.384816 55.328166 21.384416 55.328298 21.384032 55.328449 21.383651 55.328653 21.383179 55.328787 21.382874 55.328945 21.382592 55.329118 21.382316 55.329307 21.382032 55.329539 21.381746 55.329847 21.381375 55.330179 21.380999 55.330582 21.380544 55.332118 21.378817 55.332830 21.378001 55.332929 21.377884 55.333037 21.377754 55.333148 21.377621 55.334203 21.376458 55.334239 21.376416 55.334944 21.375607 55.335733 21.374719 55.336472 21.373887 55.337248 21.373024 55.337987 21.372200 55.338442 21.371674 55.338548 21.371540 55.338647 21.371402 55.338696 21.371326 55.338725 21.371272 55.338843 21.371028 55.339529 21.369556 55.339864 21.368843 55.340268 21.367987 55.340679 21.367090 55.341184 21.366019 55.341200 21.365985 55.341791 21.364736 55.342091 21.364081 55.342288 21.363664 55.342561 21.363064 55.342743 21.362593 55.342819 21.362369 55.342869 21.362208 55.342891 21.362112 55.342970 21.361799 55.343029 21.361557 55.343132 21.361107 55.343392 21.359975 55.343614 21.359052 55.343865 21.357986 55.344171 21.356704 55.344600 21.354854 55.345052 21.352957 55.345286 21.351964 55.345363 21.351614 55.345403 21.351406 55.345436 21.351200 55.345528 21.350538 55.345562 21.350299 55.345575 21.350169 55.345582 21.350090 55.345588 21.349968 55.345594 21.349851 55.345614 21.348791 55.345646 21.347220 55.345670 21.345696 55.345686 21.344942 55.345700 21.344175 55.345714 21.343442 55.345734 21.342465 55.345751 21.341569 55.345773 21.340034 55.345787 21.339195 55.345799 21.338397 55.345814 21.337511 55.345829 21.336639 55.345835 21.336230 55.345845 21.335722 55.345850 21.335548 55.345862 21.335247 55.345869 21.335083 55.345878 21.334922 55.345884 21.334796 55.345895 21.334655 55.345913 21.334495 55.345945 21.334265 55.346073 21.333425 55.346284 21.332001 55.346464 21.330841 55.346630 21.329728 55.346775 21.328735 55.347026 21.327056 55.347188 21.325905,BOTH_DIRECTIONS,4248 Šilutė–Šyša–Krokų Lankos 1.359-9.901km.,,roadClosed,All
2025-10-30,2026-04-16,"Apsemtas kelias nuo 6,3 iki 6,9km. Vandens gylis 30cm.",55.408445 21.346334 55.408596 21.345248 55.409058 21.341976 55.409442 21.339215 55.409740 21.337140,BOTH_DIRECTIONS,4270 Žemaitkiemis–Vabalai 6.300-6.900km.,,roadClosed,All
2025-10-30,2026-04-15,"Apsemtas kelias nuo 5,2 iki 6,2km. Vandens gylis 30cm.",55.406118 21.363207 55.406348 21.361499 55.406496 21.360472 55.407013 21.356661 55.407716 21.351631 55.408178 21.348254 55.408232 21.347867,BOTH_DIRECTIONS,4270 Žemaitkiemis–Vabalai 5.200-6.200km.,,roadClosed,All
2023-08-18,2026-12-31,Pasienio punkto uždarymas Vyriausybės nutarimu.,55.321092 26.634375 55.321339 26.634539 55.321512 26.634654,BOTH_DIRECTIONS,4402 Adutiškis–Jakeliai–Tverečius–Vidžiai* 20.941-20.991km.,,roadClosed,All
2026-03-27,2026-04-10,Dėl polaidžio susilpnėjusi kelio danga nuo 11.04 iki 12.09 km.,55.386525 22.036123 55.386532 22.036119 55.386664 22.036044 55.387066 22.035819 55.387146 22.035769 55.387208 22.035727 55.387279 22.035653 55.387337 22.035580 55.387386 22.035508 55.387435 22.035418 55.387480 22.035325 55.387874 22.034326 55.388404 22.032984 55.388480 22.032815 55.388539 22.032667 55.388578 22.032549 55.388760 22.031926 55.388809 22.031793 55.388841 22.031714 55.388865 22.031664 55.388892 22.031614 55.388958 22.031505 55.389270 22.031015 55.389425 22.030781 55.389652 22.030453 55.389987 22.030015 55.390066 22.029906 55.390133 22.029800 55.390182 22.029713 55.390762 22.028543 55.391057 22.027895 55.391274 22.027384 55.391454 22.026912 55.392509 22.024279 55.392557 22.024140 55.392588 22.024034 55.392621 22.023890,BOTH_DIRECTIONS,4514 Žygaičiai–Visbarai–Bikavėnai 11.040-12.090km.,,roadClosed,All
2023-09-18,2026-12-31,Rakų PKP uždarymas.,53.966924 24.705957 53.966920 24.705944,BOTH_DIRECTIONS,5008 Vydeniai–Dubičiai–Rakai* 28.686-28.687km.,,roadClosed,All
2025-12-01,2026-06-23,"Tilto rekonstravimo darbai. Darbų metu eismas draudžiamas ir kreipiamas apylanka rajoniniu keliu Nr. 2011 Krakės-Dovydiškiai-Grinkiškis ir rajoniniu keliu 3429 Grinkiškis–Pypliai–Vaitiekūnai, vietinės reikšmės Spindulio gatve. Darbų vykdytojas: UAB „Ewcon"", tel.: 061643539.",55.454966 23.658402 55.455068 23.657565 55.455074 23.657510 55.455112 23.657181 55.455131 23.657017 55.455171 23.656667 55.455273 23.655770,BOTH_DIRECTIONS,2016 Mantviliškis–Ažytėnai–Vosyliškis 11.230-11.400km.,,roadClosed,All
2026-01-16,2026-05-31,"	
Tilto rekonstravimo darbai. Darbų metu eismas draudžiamas ir kreipiamas apylanka krašto keliu Nr. 144 Jonava–Kėdainiai–Šeduva ir krašto keliu 229 Aristava–Kėdainiai–Cinkiškiai, vietinės reikšmės Šėtos gatve. Darbų vykdytojas: UAB „Kauno keliai"", tel.: 069604702.",55.287563 23.985026 55.287672 23.984724 55.287792 23.984392 55.287917 23.984047 55.288030 23.983737,BOTH_DIRECTIONS,1906 Aukštutiniai Kaniūkai–Babtai–Labūnava–Kėdainiai 44.337-44.434km.,,roadClosed,All
2025-10-09,2026-11-30,"Viaduko kapitalinis remontas. Eismas draudžiamas ir kreipiamas apylanka magistraliniu keliu A1 Vilnius–Kaunas–Klaipėda ir krašto keliu Nr. 196 Ariogala–Raseiniai–Kryžkalnis. Darbų vykdytojas: AB „Kauno tiltai“, tel.: +37061137812.",55.235664 23.513929 55.235735 23.513920 55.235977 23.513902 55.236230 23.513884 55.236486 23.513873 55.236758 23.513861 55.236961 23.513853 55.237223 23.513844 55.237481 23.513834 55.237668 23.513828 55.237804 23.513821 55.237819 23.513821,BOTH_DIRECTIONS,1907 Vilkija–Čekiškė–Ariogala 24.360-24.600km.,,roadClosed,All
2025-09-18,2026-10-30,"Viaduko rekonstrukcijos darbai. Eismas draudžiamas ir kreipiamas apylanka krašto keliu Nr. 102 Vilnius–Švenčionys–Zarasai ir jungiamuoju keliu Nr. 6139002. Darbų vykdytojas: UAB ""Tilsta"", tel. nr.: +37063847022.",55.723446 26.245865 55.723498 26.245969 55.723587 26.246118 55.723677 26.246235 55.723835 26.246415 55.723953 26.246524 55.724048 26.246613 55.724165 26.246665 55.724283 26.246701 55.724407 26.246716 55.724552 26.246727 55.724558 26.246727,BOTH_DIRECTIONS,A6 Kaunas–Zarasai–Daugpilis* 179.990-180.130km.,,roadClosed,All
2025-11-17,2026-09-30,"Tilto per Šyšą kapitalinis kelio remontas. Darbų metu eismas draudžiamas ir kreipiamas apylanka. Darbų vykdytojas: UAB „Švykai"", tel. nr.: +37065699789.",55.341143 21.459942 55.341113 21.459717 55.341070 21.459392 55.341017 21.458824 55.341004 21.458690,BOTH_DIRECTIONS,206 Šilutė–Rusnė 0.000-0.081km.,,roadClosed,All
2025-10-09,2026-06-12,"Tilto rekonstrukcija. Eismas draudžiamas ir kreipiamas apylanka. Darbų vykdytojas: UAB „Švykai“, tel. +37065670603.",55.747060 24.882207 55.746381 24.881036 55.746147 24.880659 55.746022 24.880425 55.745820 24.880068 55.745796 24.880029 55.745692 24.879856 55.745608 24.879705 55.745594 24.879681 55.745542 24.879545 55.745527 24.879504 55.745401 24.879150 55.745194 24.878571 55.745043 24.878159 55.744882 24.877716 55.744727 24.877329 55.744166 24.875924 55.744044 24.875616 55.743698 24.874747 55.743307 24.873729 55.743296 24.873702,BOTH_DIRECTIONS,2406 Kupiškis–Rudiliai–Subačius 11.718-12.400km.,,roadClosed,All
2026-03-18,2026-12-15,"Kelio rekonstravimas. Eismas draudžiamas ir kreipiamas apylanka valstybinės reikšmės krašto keliu Nr. 134 Leipalingis–Lazdijai–Kalvarija ir Lazdijų miesto Dzūkų ir Kalnų gatvėmis. Darbų vykdytojas: UAB „Alkesta“, tel.: +37068794308.",54.235723 23.515271 54.235830 23.514726 54.235950 23.514204 54.236331 23.512530 54.236489 23.511861 54.236822 23.510418 54.237163 23.509036 54.237219 23.508805 54.237244 23.508712 54.237269 23.508616 54.237626 23.507143 54.237790 23.506464 54.237827 23.506302,BOTH_DIRECTIONS,2511 Lazdijai–Galiniai* 0.000-0.630km.,,roadClosed,All
2025-11-17,2026-09-15,"Kelio rekonstrukcija. Darbų metu eismas draudžiamas ir kreipiamas apylanka vietinės reikšmės keliais. Darbų vykdytojas: UAB „Gevalda"", tel. nr.: +37062591861.",54.725055 25.185479 54.725313 25.184901 54.725573 25.184302 54.725738 25.183933 54.725998 25.183324 54.726321 25.182568 54.726523 25.182120 54.726648 25.181856 54.726778 25.181601 54.726923 25.181322 54.727087 25.181010 54.727198 25.180761 54.727312 25.180456,BOTH_DIRECTIONS,5241 Buivydiškės–Zujūnai 3.070-3.480km.,,roadClosed,All
2025-09-18,2026-10-30,"Viaduko rekonstrukcijos darbai. Eismas draudžiamas ir kreipiamas apylanka krašto keliu Nr. 102 Vilnius–Švenčionys–Zarasai ir jungiamuoju keliu Nr. 6139002. Darbų vykdytojas: UAB ""Tilsta"", tel. nr.: +37063847022.",55.723498 26.245969 55.723466 26.245812 55.723449 26.245696 55.723442 26.245601 55.723442 26.245529 55.723448 26.245449 55.723461 26.245353 55.723479 26.245274 55.723503 26.245197 55.723534 26.245128 55.723567 26.245071 55.723601 26.245024 55.723650 26.244973 55.723690 26.244937 55.723760 26.244884,BOTH_DIRECTIONS,0006139004 A06_180.061_04 (A6 ir 102 kelių sankr.) 0.000-0.086km.,,roadClosed,All
2025-09-18,2026-10-30,"Viaduko rekonstrukcijos darbai. Eismas draudžiamas ir kreipiamas apylanka krašto keliu Nr. 102 Vilnius–Švenčionys–Zarasai ir jungiamuoju keliu Nr. 6139002. Darbų vykdytojas: UAB ""Tilsta"", tel. nr.: +37063847022.",55.723953 26.246524 55.724038 26.246196 55.724088 26.246002 55.724116 26.245890 55.724129 26.245832 55.724140 26.245753 55.724148 26.245675 55.724153 26.245591 55.724155 26.245509 55.724153 26.245443 55.724146 26.245368 55.724133 26.245299 55.724121 26.245243 55.724098 26.245167 55.724072 26.245111 55.724047 26.245061 55.724017 26.245016 55.723977 26.244977 55.723933 26.244944 55.723886 26.244917 55.723845 26.244900 55.723804 26.244887 55.723760 26.244884,BOTH_DIRECTIONS,0006139005 A06_180.061_05 (A6 ir 102 kelių sankr.) 0.000-0.134km.,,roadClosed,All
2025-09-08,2026-06-30,"Tilto per Širvintą kapitalinis kelio remontas. Darbų metu eismas draudžiamas ir kreipiamas apylanka vietinės reikšmės keliais. Darbų vykdytojas: UAB ""Alkesta"", +37069824852.",54.615005 22.985887 54.614703 22.985771 54.614427 22.985663 54.614033 22.985507,BOTH_DIRECTIONS,185 Vilkaviškis–Gražiškiai 5.276-5.387km.,,roadClosed,All
2025-09-18,2026-10-30,"Viaduko rekonstrukcijos darbai. Eismas draudžiamas ir kreipiamas apylanka krašto keliu Nr. 102 Vilnius–Švenčionys–Zarasai ir jungiamuoju keliu Nr. 6139002. Darbų vykdytojas: UAB ""Tilsta"", tel. nr.: +37063847022.",55.723760 26.244884 55.723678 26.244838 55.723589 26.244817 55.723537 26.244801 55.723471 26.244781 55.723401 26.244749 55.723330 26.244714 55.723255 26.244664 55.723178 26.244595 55.723114 26.244521 55.723047 26.244443 55.722996 26.244381 55.722945 26.244297,BOTH_DIRECTIONS,0006139003 A06_180.061_03 (A6 ir 102 kelių sankr.) 0.000-0.100km.,,roadClosed,All
2026-02-19,2026-12-31,"	
Viaduko rekonstravimas. Eismas draudžiamas ir kreipiamas apylanka magistraliniu keliu A1 Vilnius–Kaunas–Klaipėda ir rajoniniu keliu Nr. 1906 Kaniūkai–Babtai–Labūnava–Kėdainiai bei vietiniais keliais. Darbų vykdytojas: UAB „Autokausta“, tel.: +37060645807.",55.037212 23.825928 55.037219 23.825931 55.037316 23.825969 55.037396 23.825998 55.037449 23.826018 55.037497 23.826029 55.037551 23.826036 55.037627 23.826037 55.037682 23.826032 55.037731 23.826015 55.037779 23.825993 55.037846 23.825953 55.037894 23.825915 55.037938 23.825873 55.037985 23.825824 55.038037 23.825756 55.038082 23.825686 55.038120 23.825611 55.038153 23.825538 55.038188 23.825448 55.038222 23.825342 55.038249 23.825236 55.038276 23.825104 55.038296 23.824979 55.038312 23.824847 55.038333 23.824656 55.038353 23.824414 55.038382 23.824063 55.038412 23.823720 55.038441 23.823390 55.038469 23.823074 55.038488 23.822889 55.038501 23.822766 55.038516 23.822663 55.038537 23.822552 55.038558 23.822457 55.038584 23.822360 55.038614 23.822254 55.038646 23.822160 55.038685 23.822062 55.038729 23.821964 55.038768 23.821895 55.038823 23.821809 55.038880 23.821734 55.038933 23.821672 55.038998 23.821602 55.039068 23.821535 55.039133 23.821481 55.039209 23.821432 55.039301 23.821374 55.039411 23.821316 55.039466 23.821290,BOTH_DIRECTIONS,0001037004 A01_113.669_04 (Sitkūnų I sankr.) 0.010-0.460km.,,roadClosed,All
